source_text	translation_ko	notes
"""Act of Desperation"""	절박한 행동	fheroes2 ko.po 참고 번역; exact; 문체/용어 검토 필요; commit 29d0a76ceb26d57e9f134b6d682ac857acecfad4
"""Apocalypse"""	종말	fheroes2 ko.po 참고 번역; exact; 문체/용어 검토 필요; commit 29d0a76ceb26d57e9f134b6d682ac857acecfad4
"""Barbarian Wars"""	야만인 전쟁	fheroes2 ko.po 참고 번역; exact; 문체/용어 검토 필요; commit 29d0a76ceb26d57e9f134b6d682ac857acecfad4
"""Carator Mines"""	카라토르 광산	fheroes2 ko.po 참고 번역; exact; 문체/용어 검토 필요; commit 29d0a76ceb26d57e9f134b6d682ac857acecfad4
"""Country Lords"""	지방 영주	fheroes2 ko.po 참고 번역; exact; 문체/용어 검토 필요; commit 29d0a76ceb26d57e9f134b6d682ac857acecfad4
"""Defender"""	수호자	fheroes2 ko.po 참고 번역; exact; 문체/용어 검토 필요; commit 29d0a76ceb26d57e9f134b6d682ac857acecfad4
"""Dragon Master"""	드래곤 마스터	fheroes2 ko.po 참고 번역; exact; 문체/용어 검토 필요; commit 29d0a76ceb26d57e9f134b6d682ac857acecfad4
"""Greater Glory"""	더 큰 영광	fheroes2 ko.po 참고 번역; exact; 문체/용어 검토 필요; commit 29d0a76ceb26d57e9f134b6d682ac857acecfad4
"""Our Finest Hour"""	우리의 가장 빛나는 순간	fheroes2 ko.po 참고 번역; exact; 문체/용어 검토 필요; commit 29d0a76ceb26d57e9f134b6d682ac857acecfad4
"""Peasants!"""	농민들!	fheroes2 ko.po 참고 번역; exact; 문체/용어 검토 필요; commit 29d0a76ceb26d57e9f134b6d682ac857acecfad4
"""Slay the Dwarves"""	드워프 처단	fheroes2 ko.po 참고 번역; exact; 문체/용어 검토 필요; commit 29d0a76ceb26d57e9f134b6d682ac857acecfad4
"""The Crown"""	왕관	fheroes2 ko.po 참고 번역; exact; 문체/용어 검토 필요; commit 29d0a76ceb26d57e9f134b6d682ac857acecfad4
"""The Gauntlet"""	시련	fheroes2 ko.po 참고 번역; exact; 문체/용어 검토 필요; commit 29d0a76ceb26d57e9f134b6d682ac857acecfad4
"""Turning Point"""	전환점	fheroes2 ko.po 참고 번역; exact; 문체/용어 검토 필요; commit 29d0a76ceb26d57e9f134b6d682ac857acecfad4
A Dragon, A Cyclops, or an Undead. King of the Centaurs, His name is ....?	드래곤, 사이클롭스, 혹은 언데드. 켄타우로스의 왕인 그의 이름은 ....?	fheroes2 ko.po 참고 번역; exact; 문체/용어 검토 필요; commit 29d0a76ceb26d57e9f134b6d682ac857acecfad4
A gift of gold, m'lord, from the people of Enroth, to the people of Enroth.  Good luck, and may God save true King Roland!	전하, 엔로스의 백성이 엔로스의 백성에게 드리는 골드입니다. 행운을 빕니다. 신께서 진정한 왕 롤랜드를 지켜 주시길!	fheroes2 ko.po 참고 번역; exact; 문체/용어 검토 필요; commit 29d0a76ceb26d57e9f134b6d682ac857acecfad4
"A great Black dragon stands before you. It speaks in a suprisingly soft voice, saying, ""The elves believe they have sent another hero to reclaim their prize. I believe they have sent me another meal."""	"거대한 블랙 드래곤 한 마리가 길을 막고 있다. 놀라울 만큼 부드러운 목소리로 말한다. ""엘프들은 자신들의 보물을 되찾으라고 또 다른 영웅을 보냈다고 생각하는 모양이군. 나는 저들이 내게 또 다른 식사를 보내 줬다고 생각한다."""	fheroes2 ko.po 참고 번역; exact; 문체/용어 검토 필요; commit 29d0a76ceb26d57e9f134b6d682ac857acecfad4
A little bit closer...	조금만 더 가까이...	fheroes2 ko.po 참고 번역; exact; 문체/용어 검토 필요; commit 29d0a76ceb26d57e9f134b6d682ac857acecfad4
"A man appears from behind the sand dune. ""At last,"" he says, ""Someone has come to rescue me! I am forever grateful. Alas all I have to offer you in return are these souvenirs from my wrecked ship."""	"모래언덕 뒤에서 남자 하나가 나타난다. ""마침내!"" 그가 외친다. ""구해 줄 사람이 드디어 왔군요! 평생 감사하겠습니다. 안타깝게도 답례로 드릴 수 있는 건 난파된 배에서 건진 기념품뿐입니다."""	fheroes2 ko.po 참고 번역; exact; 문체/용어 검토 필요; commit 29d0a76ceb26d57e9f134b6d682ac857acecfad4
A shipment of wood has arrived from your kingdom!	당신의 왕국에서 목재 화물이 도착했다!	fheroes2 ko.po 참고 번역; exact; 문체/용어 검토 필요; commit 29d0a76ceb26d57e9f134b6d682ac857acecfad4
Abandon All Hope!	모든 희망을 버려라!	fheroes2 ko.po 참고 번역; exact; 문체/용어 검토 필요; commit 29d0a76ceb26d57e9f134b6d682ac857acecfad4
After a long search of the island, I have discovered that there is no way for me to escape without help.  I can not steal a ship from one of the coastal castles, and I dare not venture into the desert unless I wish to become Dragon food.  Should anyone find this, I beg of you, please send a ship and get me off this cursed island!  -Sir Christian	섬을 오랫동안 뒤진 끝에 도움 없이는 탈출할 방법이 없다는 걸 알아냈다. 해안의 성에서 배를 훔칠 수도 없고, 드래곤 먹이가 되고 싶지 않은 이상 사막에 들어갈 엄두도 나지 않는다. 이 글을 발견하는 이가 있다면 부탁한다. 제발 배를 보내 이 저주받은 섬에서 나를 데려가 주시오! -크리스천 경	fheroes2 ko.po 참고 번역; exact; 문체/용어 검토 필요; commit 29d0a76ceb26d57e9f134b6d682ac857acecfad4
"An old elf is sitting on a rock in a glen, pounding on the shackles on his feet with a stone. You help him remove them and ask him his tale. ""I'm a deserter from Drakonia's army. She has enslaved all the elves to support her madness. She must be stopped."" Then he slips into the woods without a sound, leaving behind just his cloak.  "	"숲속 빈터의 바위 위에 늙은 엘프가 앉아 돌로 발목의 족쇄를 두드리고 있다. 족쇄를 벗겨 준 뒤 사연을 묻는다. ""나는 드라코니아의 군대에서 탈영했소. 그녀는 자신의 광기를 위해 모든 엘프를 노예로 만들었소. 반드시 막아야 하오."" 그는 소리 하나 내지 않고 숲으로 사라지고, 망토만 남긴다."	fheroes2 ko.po 참고 번역; trailing_space_normalized; 문체/용어 검토 필요; commit 29d0a76ceb26d57e9f134b6d682ac857acecfad4
Archibald has also sent an army to find the Crown, you must find it first or all is lost.	아치볼드도 왕관을 찾기 위해 군대를 보냈다. 그보다 먼저 찾아내지 못하면 모든 것이 끝난다.	fheroes2 ko.po 참고 번역; exact; 문체/용어 검토 필요; commit 29d0a76ceb26d57e9f134b6d682ac857acecfad4
Archibald is hiding at the end of the river.	아치볼드는 강 끝에 숨어 있다.	fheroes2 ko.po 참고 번역; exact; 문체/용어 검토 필요; commit 29d0a76ceb26d57e9f134b6d682ac857acecfad4
Arm of the Crusader	십자군의 팔	fheroes2 ko.po 참고 번역; exact; 문체/용어 검토 필요; commit 29d0a76ceb26d57e9f134b6d682ac857acecfad4
Arm of the Cyclops	사이클롭스의 팔	fheroes2 ko.po 참고 번역; exact; 문체/용어 검토 필요; commit 29d0a76ceb26d57e9f134b6d682ac857acecfad4
Arm of the Dragon	드래곤의 팔	fheroes2 ko.po 참고 번역; exact; 문체/용어 검토 필요; commit 29d0a76ceb26d57e9f134b6d682ac857acecfad4
Arm of the Phoenix	피닉스의 팔	fheroes2 ko.po 참고 번역; exact; 문체/용어 검토 필요; commit 29d0a76ceb26d57e9f134b6d682ac857acecfad4
Arm of the Titan	타이탄의 팔	fheroes2 ko.po 참고 번역; exact; 문체/용어 검토 필요; commit 29d0a76ceb26d57e9f134b6d682ac857acecfad4
"As you approach the barrier, you see the old elf you helped free. This time, however, you see that he is wearing a cape of fine weave, and a wooden crown is on his head. He sees your forces, and says ""Take this sword, and with it, strike down Drakonia and help free my people."" The old elf then strides regally into the woods. "	"장벽에 가까워지자 예전에 풀어 줬던 늙은 엘프가 보인다. 이번에는 고운 천으로 짠 망토를 걸치고 머리에는 나무 왕관을 쓰고 있다. 당신의 군대를 본 그가 말한다. ""이 검을 받아라. 이것으로 드라코니아를 쓰러뜨리고 내 백성을 해방해 다오."" 늙은 엘프는 왕다운 걸음걸이로 숲속으로 사라진다."	fheroes2 ko.po 참고 번역; trailing_space_normalized; 문체/용어 검토 필요; commit 29d0a76ceb26d57e9f134b6d682ac857acecfad4
"As you approach the tent, the leader of the nomads comes out to greet you. He says, ""It was prophecied many years ago that a great hero would come to greet us in our sacred valley, and we would prosper afterwords. Now it has come to pass, and we offer you these gifts as tokens of our thanks."""	"천막에 다가가자 유목민의 지도자가 마중 나온다. ""아주 오래전, 위대한 영웅이 우리의 성스러운 계곡을 찾아오면 그 뒤로 우리가 번영하리라는 예언이 있었습니다. 이제 그 예언이 이루어졌으니 감사의 표시로 이 선물들을 드립니다."""	fheroes2 ko.po 참고 번역; exact; 문체/용어 검토 필요; commit 29d0a76ceb26d57e9f134b6d682ac857acecfad4
"As you approach,  you hear whispered mentions of ""the wild barbarian who passed this way months before"". One of the villagers approaches you and hands you an object, saying ""The wild one dropped this. You must be his kin. Therefore I give it to you. But beware! Many in the village will not be as friendly as I."""	"다가가자 사람들이 ""몇 달 전에 이 길을 지나간 야생 야만인"" 이야기를 속삭이는 것이 들린다. 주민 하나가 다가와 물건을 건네며 말한다. ""그 야생인이 떨어뜨린 물건입니다. 당신은 그의 혈족인 모양이니 드리겠습니다. 하지만 조심하십시오! 마을 사람 모두가 저처럼 친절하지는 않을 겁니다."""	fheroes2 ko.po 참고 번역; exact; 문체/용어 검토 필요; commit 29d0a76ceb26d57e9f134b6d682ac857acecfad4
"As you enter the small clearing, you see a familiar figure talking to a group of halflings and soldiers. You stay awhile and listen to his speech. ""The time to throw off these chains of tyranny is now! We must strike at the heart of her empire, and destroy the evil that she has brought to our land."" As the old elf finishes speaking, he gets up from his mossy seat and once again, blends into the woods with incredible grace. "	"작은 공터에 들어서자 익숙한 인물이 하플링과 병사들에게 연설하고 있다. 잠시 머물러 듣는다. ""폭정의 사슬을 벗어던질 때는 지금이다! 그녀의 제국 심장부를 공격해 우리 땅에 가져온 악을 파괴해야 한다."" 늙은 엘프는 연설을 마친 뒤 이끼 낀 자리에서 일어나 다시 한번 놀라운 우아함으로 숲속에 녹아든다."	fheroes2 ko.po 참고 번역; trailing_space_normalized; 문체/용어 검토 필요; commit 29d0a76ceb26d57e9f134b6d682ac857acecfad4
"As you make  your way through the last of the golemn debris, a group of halflings runs towards you carrying fruit and flowers. ""Thank you so much!"" Their leader exclaims, ""We've been trapped in here for ever! Come by our homes, we'll pack up and go with you!"""	"마지막 골렘 잔해를 헤치고 나아가자 하플링 무리가 과일과 꽃을 들고 달려온다. ""정말 감사합니다!"" 우두머리가 외친다. ""우린 여기 영원히 갇혀 있었어요! 우리 집에 들러 주세요. 짐을 싸서 함께 가겠습니다!"""	fheroes2 ko.po 참고 번역; exact; 문체/용어 검토 필요; commit 29d0a76ceb26d57e9f134b6d682ac857acecfad4
"As you make your way to the shrine, some very thin and hollow-eyed men come out of the flower patch and stare at you.  Seeing that you want the gold, one of them says to you ""Hey, man, if you're, like, so lusty for earthly wealth, then, like, have this too."" You graciously take what they have offered and back out of the clearing."	"성소로 향하자 몹시 야위고 눈이 퀭한 남자들이 꽃밭에서 나와 당신을 바라본다. 당신이 골드를 원한다는 걸 본 한 명이 말한다. ""이봐요, 세속의 부에 그렇게 욕심이 난다면, 뭐, 이것도 가지세요."" 당신은 호의를 베풀듯 그들이 내민 물건을 받고 공터에서 천천히 뒷걸음질쳐 나온다."	fheroes2 ko.po 참고 번역; exact; 문체/용어 검토 필요; commit 29d0a76ceb26d57e9f134b6d682ac857acecfad4
Barbarian's castle lies to the south.	야만인의 성은 남쪽에 있다.	fheroes2 ko.po 참고 번역; exact; 문체/용어 검토 필요; commit 29d0a76ceb26d57e9f134b6d682ac857acecfad4
Before questing for the orb of negation, you must first crush the local opposition. After the Sorceresses are removed from the earth, go east where legend says the orb lies.  You may expect a convoy of supplies in a week or so to aid your conquest. 	무효화의 구슬을 찾으러 떠나기 전에 먼저 지역의 반대 세력을 짓밟아야 한다. 소서리스들을 제거한 뒤 동쪽으로 가라. 전설에 따르면 그곳에 구슬이 있다. 정복을 돕기 위한 보급품 수송대도 일주일쯤 뒤에 도착할 것이다.	fheroes2 ko.po 참고 번역; trailing_space_normalized; 문체/용어 검토 필요; commit 29d0a76ceb26d57e9f134b6d682ac857acecfad4
Before you may pass, the spirit guardian of this valley demands tribute.	이곳을 지나가려면 먼저 계곡의 영혼 수호자가 공물을 요구한다.	fheroes2 ko.po 참고 번역; exact; 문체/용어 검토 필요; commit 29d0a76ceb26d57e9f134b6d682ac857acecfad4
Beware of Pirates!	해적을 조심하라!	fheroes2 ko.po 참고 번역; exact; 문체/용어 검토 필요; commit 29d0a76ceb26d57e9f134b6d682ac857acecfad4
Beware the deadly swamps!	치명적인 늪을 조심하라!	fheroes2 ko.po 참고 번역; exact; 문체/용어 검토 필요; commit 29d0a76ceb26d57e9f134b6d682ac857acecfad4
Beware the sirens!	사이렌을 조심하라!	fheroes2 ko.po 참고 번역; exact; 문체/용어 검토 필요; commit 29d0a76ceb26d57e9f134b6d682ac857acecfad4
Beware the whiporwill...	휩푸어윌을 조심하라...	fheroes2 ko.po 참고 번역; exact; 문체/용어 검토 필요; commit 29d0a76ceb26d57e9f134b6d682ac857acecfad4
Capture the town on the island off the southeast shore in order to construct a boat and travel back towards the mainland.	남동쪽 해안의 섬에 있는 마을을 점령해 배를 만들고 본토 쪽으로 돌아가라.	fheroes2 ko.po 참고 번역; exact; 문체/용어 검토 필요; commit 29d0a76ceb26d57e9f134b6d682ac857acecfad4
Come and....	와서...	fheroes2 ko.po 참고 번역; exact; 문체/용어 검토 필요; commit 29d0a76ceb26d57e9f134b6d682ac857acecfad4
Compared to the rest of the villages in this land, this village seems grand, but in any other land it would seem poor. From here you can see the tall spires of the Warlock's tower of Dragons.	이 땅의 다른 마을들과 비교하면 이곳은 웅장해 보이지만, 다른 나라에 있었다면 가난한 마을에 불과했을 것이다. 여기서도 흑마법사의 드래곤 탑에 솟은 높은 첨탑들이 보인다.	fheroes2 ko.po 참고 번역; exact; 문체/용어 검토 필요; commit 29d0a76ceb26d57e9f134b6d682ac857acecfad4
Conquer and unite all the enemy tribes. Don't lose the hero Jarkonas, the forefather of all descendants.	모든 적대 부족을 정복하고 통합하세요. 모든 후손의 시조인 영웅 자르코나스를 잃지 마세요.	fheroes2 ko.po 참고 번역; exact; 문체/용어 검토 필요; commit 29d0a76ceb26d57e9f134b6d682ac857acecfad4
Dark clouds loom overhead as you enter this valley.	계곡에 들어서자 머리 위로 먹구름이 드리운다.	fheroes2 ko.po 참고 번역; exact; 문체/용어 검토 필요; commit 29d0a76ceb26d57e9f134b6d682ac857acecfad4
Destroy the Barbarians who are attacking the southern border of your kingdom! Recover your towns and then invade the jungle kingdom.	왕국 남쪽 국경을 공격하는 바바리안들을 파괴하라! 마을을 되찾은 뒤 정글 왕국을 침공하라.	fheroes2 ko.po 참고 번역; exact; 문체/용어 검토 필요; commit 29d0a76ceb26d57e9f134b6d682ac857acecfad4
Do Not Enter!	출입 금지!	fheroes2 ko.po 참고 번역; exact; 문체/용어 검토 필요; commit 29d0a76ceb26d57e9f134b6d682ac857acecfad4
Dragon City lies beyond the Scorpion Hills.	드래곤 시티는 스콜피온 힐스 너머에 있다.	fheroes2 ko.po 참고 번역; exact; 문체/용어 검토 필요; commit 29d0a76ceb26d57e9f134b6d682ac857acecfad4
Dwarf Hall, domain of the dwarf King.	드워프 홀, 드워프 왕의 영지.	fheroes2 ko.po 참고 번역; exact; 문체/용어 검토 필요; commit 29d0a76ceb26d57e9f134b6d682ac857acecfad4
Evil 10	악 10	fheroes2 ko.po 참고 번역; exact; 문체/용어 검토 필요; commit 29d0a76ceb26d57e9f134b6d682ac857acecfad4
Evil 11	악 11	fheroes2 ko.po 참고 번역; exact; 문체/용어 검토 필요; commit 29d0a76ceb26d57e9f134b6d682ac857acecfad4
Evil 2	악 2	fheroes2 ko.po 참고 번역; exact; 문체/용어 검토 필요; commit 29d0a76ceb26d57e9f134b6d682ac857acecfad4
Evil 3	악 3	fheroes2 ko.po 참고 번역; exact; 문체/용어 검토 필요; commit 29d0a76ceb26d57e9f134b6d682ac857acecfad4
Evil 4	악 4	fheroes2 ko.po 참고 번역; exact; 문체/용어 검토 필요; commit 29d0a76ceb26d57e9f134b6d682ac857acecfad4
Evil 5	악 5	fheroes2 ko.po 참고 번역; exact; 문체/용어 검토 필요; commit 29d0a76ceb26d57e9f134b6d682ac857acecfad4
Evil 5b	악 5b	fheroes2 ko.po 참고 번역; exact; 문체/용어 검토 필요; commit 29d0a76ceb26d57e9f134b6d682ac857acecfad4
Evil 6	악 6	fheroes2 ko.po 참고 번역; exact; 문체/용어 검토 필요; commit 29d0a76ceb26d57e9f134b6d682ac857acecfad4
Evil 7	악 7	fheroes2 ko.po 참고 번역; exact; 문체/용어 검토 필요; commit 29d0a76ceb26d57e9f134b6d682ac857acecfad4
Evil 8	악 8	fheroes2 ko.po 참고 번역; exact; 문체/용어 검토 필요; commit 29d0a76ceb26d57e9f134b6d682ac857acecfad4
Evil 9	악 9	fheroes2 ko.po 참고 번역; exact; 문체/용어 검토 필요; commit 29d0a76ceb26d57e9f134b6d682ac857acecfad4
Fantasy Island.	환상의 섬	fheroes2 ko.po 참고 번역; exact; 문체/용어 검토 필요; commit 29d0a76ceb26d57e9f134b6d682ac857acecfad4
Find Your Wayward Son who is rumored to be living in the desolate lands. Do it within 8 weeks or it will be of no help to your family.	황량한 땅에 산다고 전해지는 가출한 아들을 찾아라. 8주 안에 찾아야 가족에게 도움이 된다.	fheroes2 ko.po 참고 번역; exact; 문체/용어 검토 필요; commit 29d0a76ceb26d57e9f134b6d682ac857acecfad4
Find and defeat the Pirate Leader!	해적 우두머리를 찾아 쓰러뜨려라!	fheroes2 ko.po 참고 번역; exact; 문체/용어 검토 필요; commit 29d0a76ceb26d57e9f134b6d682ac857acecfad4
For sale.	판매 중.	fheroes2 ko.po 참고 번역; exact; 문체/용어 검토 필요; commit 29d0a76ceb26d57e9f134b6d682ac857acecfad4
For the good of the Empire, eliminate Kraeger.	제국을 위해 크레이거를 제거하세요.	fheroes2 ko.po 참고 번역; exact; 문체/용어 검토 필요; commit 29d0a76ceb26d57e9f134b6d682ac857acecfad4
Gain the aid of the elves. They will not allow trees to be chopped down, so we will send you wood every 2 weeks. You have 7 months!	엘프들의 도움을 얻어라. 나무를 베는 것을 허용하지 않으므로 2주마다 목재를 보내 줄 것이다. 제한 시간은 7개월!	fheroes2 ko.po 참고 번역; exact; 문체/용어 검토 필요; commit 29d0a76ceb26d57e9f134b6d682ac857acecfad4
Good 10	굿 10	fheroes2 ko.po 참고 번역; exact; 문체/용어 검토 필요; commit 29d0a76ceb26d57e9f134b6d682ac857acecfad4
Good 4	굿 4	fheroes2 ko.po 참고 번역; exact; 문체/용어 검토 필요; commit 29d0a76ceb26d57e9f134b6d682ac857acecfad4
Good 5	굿 5	fheroes2 ko.po 참고 번역; exact; 문체/용어 검토 필요; commit 29d0a76ceb26d57e9f134b6d682ac857acecfad4
Good 5b	굿 5b	fheroes2 ko.po 참고 번역; exact; 문체/용어 검토 필요; commit 29d0a76ceb26d57e9f134b6d682ac857acecfad4
Good 6	굿 6	fheroes2 ko.po 참고 번역; exact; 문체/용어 검토 필요; commit 29d0a76ceb26d57e9f134b6d682ac857acecfad4
Good 7	굿 7	fheroes2 ko.po 참고 번역; exact; 문체/용어 검토 필요; commit 29d0a76ceb26d57e9f134b6d682ac857acecfad4
Good 8	굿 8	fheroes2 ko.po 참고 번역; exact; 문체/용어 검토 필요; commit 29d0a76ceb26d57e9f134b6d682ac857acecfad4
Good 9	굿 9	fheroes2 ko.po 참고 번역; exact; 문체/용어 검토 필요; commit 29d0a76ceb26d57e9f134b6d682ac857acecfad4
Green bonus stuff	초록 보너스 물자	fheroes2 ko.po 참고 번역; exact; 문체/용어 검토 필요; commit 29d0a76ceb26d57e9f134b6d682ac857acecfad4
Green gets stuff	초록에게 물자	fheroes2 ko.po 참고 번역; exact; 문체/용어 검토 필요; commit 29d0a76ceb26d57e9f134b6d682ac857acecfad4
Green stuff	초록 물자	fheroes2 ko.po 참고 번역; exact; 문체/용어 검토 필요; commit 29d0a76ceb26d57e9f134b6d682ac857acecfad4
Green's Allowance	초록의 수당	fheroes2 ko.po 참고 번역; exact; 문체/용어 검토 필요; commit 29d0a76ceb26d57e9f134b6d682ac857acecfad4
Green's Groceries	초록의 식료품	fheroes2 ko.po 참고 번역; exact; 문체/용어 검토 필요; commit 29d0a76ceb26d57e9f134b6d682ac857acecfad4
High in the snowy crags, you meet an old witch who, in return for a trinket of yours, gives you a powerful magical object she used to use as a footstool before she was exiled into the mountains by her own townspeople.	눈 덮인 높은 바위산에서 늙은 마녀를 만난다. 당신의 장신구 하나를 받는 대가로 그녀는 강력한 마법 물건을 건네준다. 마을 사람들에게 산으로 추방되기 전에는 발판으로 쓰던 물건이라고 한다.	fheroes2 ko.po 참고 번역; exact; 문체/용어 검토 필요; commit 29d0a76ceb26d57e9f134b6d682ac857acecfad4
I am one of the few remaining survivors of the wrecked pleasure ship, Exhorbitance. I think we'll all be dead of hunger soon, for we are out of caviar. We ate the chef yesterday.	나는 난파된 유람선 엑소비턴스의 몇 안 되는 생존자 중 하나다. 캐비아가 다 떨어졌으니 곧 모두 굶어 죽을 것 같다. 어제는 요리사를 먹었다.	fheroes2 ko.po 참고 번역; exact; 문체/용어 검토 필요; commit 29d0a76ceb26d57e9f134b6d682ac857acecfad4
If you value your lives, for God's sake, Don't go through this whirlpool!	목숨이 소중하다면, 제발 이 소용돌이로 들어가지 마라!	fheroes2 ko.po 참고 번역; exact; 문체/용어 검토 필요; commit 29d0a76ceb26d57e9f134b6d682ac857acecfad4
In this glen live some very naughty halflings. Stay Away!	이 작은 숲에는 아주 말썽꾸러기인 하플링들이 산다. 가까이 오지 마시오!	fheroes2 ko.po 참고 번역; exact; 문체/용어 검토 필요; commit 29d0a76ceb26d57e9f134b6d682ac857acecfad4
In two more weeks, if you have not located Joseph, your kingdom will surely lose its current battle with Harondale.	앞으로 2주 안에 조셉을 찾아내지 못한다면, 당신의 왕국은 현재 하론데일과 벌이는 전투에서 틀림없이 패배할 것이다.	fheroes2 ko.po 참고 번역; exact; 문체/용어 검토 필요; commit 29d0a76ceb26d57e9f134b6d682ac857acecfad4
Income for Yellow. 	노란색 진영의 수입.	fheroes2 ko.po 참고 번역; trailing_space_normalized; 문체/용어 검토 필요; commit 29d0a76ceb26d57e9f134b6d682ac857acecfad4
Is it something I said? Go back and I will forget the whole thing.	내가 무슨 말이라도 잘못했나? 돌아가. 이번 일은 없던 걸로 해주지.	fheroes2 ko.po 참고 번역; exact; 문체/용어 검토 필요; commit 29d0a76ceb26d57e9f134b6d682ac857acecfad4
Island of Wolcott	월콧의 섬	fheroes2 ko.po 참고 번역; exact; 문체/용어 검토 필요; commit 29d0a76ceb26d57e9f134b6d682ac857acecfad4
Island of the Elves	엘프의 섬	fheroes2 ko.po 참고 번역; exact; 문체/용어 검토 필요; commit 29d0a76ceb26d57e9f134b6d682ac857acecfad4
Island of the meek	온순한 자들의 섬	fheroes2 ko.po 참고 번역; exact; 문체/용어 검토 필요; commit 29d0a76ceb26d57e9f134b6d682ac857acecfad4
Ivan lives in the desert.	이반은 사막에 산다.	fheroes2 ko.po 참고 번역; exact; 문체/용어 검토 필요; commit 29d0a76ceb26d57e9f134b6d682ac857acecfad4
Just 30 days left!	이제 30일밖에 남지 않았다!	fheroes2 ko.po 참고 번역; exact; 문체/용어 검토 필요; commit 29d0a76ceb26d57e9f134b6d682ac857acecfad4
Just ONE week left!	이제 딱 일주일밖에 남지 않았다!	fheroes2 ko.po 참고 번역; exact; 문체/용어 검토 필요; commit 29d0a76ceb26d57e9f134b6d682ac857acecfad4
Keep Out!	출입 금지!	fheroes2 ko.po 참고 번역; exact; 문체/용어 검토 필요; commit 29d0a76ceb26d57e9f134b6d682ac857acecfad4
Knight stuff	기사 물자	fheroes2 ko.po 참고 번역; exact; 문체/용어 검토 필요; commit 29d0a76ceb26d57e9f134b6d682ac857acecfad4
Long live Roland the true King!	진정한 왕 롤랜드 만세!	fheroes2 ko.po 참고 번역; exact; 문체/용어 검토 필요; commit 29d0a76ceb26d57e9f134b6d682ac857acecfad4
Long live Roland the true King.	진정한 왕 롤랜드 만세.	fheroes2 ko.po 참고 번역; exact; 문체/용어 검토 필요; commit 29d0a76ceb26d57e9f134b6d682ac857acecfad4
"Lord Alberon calls you into his war room. He says, ""I am glad you have chosen to remain loyal to me, but this war is a terrible one for my kingdom. Already, the sorceress' towns to the Northeast have become unsure about their loyalties, and will not pledge allegiance to either side. This is hard on our cities as most of the wood in the land comes from these towns. We will need to recover their sawmills and take their towns by force."""	"알베론 경이 당신을 작전실로 부른다. 그가 말한다. ""내게 계속 충성을 바치기로 한 것은 기쁘지만, 이번 전쟁은 내 왕국에 끔찍한 시련이네. 이미 북동쪽 여마법사들의 마을은 어느 편에 설지 흔들리고 있으며 어느 쪽에도 충성을 맹세하지 않고 있네. 우리 도시에는 큰 타격이지. 이 땅의 목재 대부분이 그 마을들에서 나오니까. 그들의 제재소를 되찾고 마을들을 무력으로 점령해야 하네."""	fheroes2 ko.po 참고 번역; exact; 문체/용어 검토 필요; commit 29d0a76ceb26d57e9f134b6d682ac857acecfad4
Many dust plumes rise from the floor of this small valley. You see various bands of nomads roaming about, and in the distant, the bright flames of their camp.	이 작은 계곡 바닥 곳곳에서 먼지 기둥이 솟는다. 여러 유목민 무리가 돌아다니고 있고, 멀리 그들의 야영지에서 밝은 불길이 타오르는 것이 보인다.	fheroes2 ko.po 참고 번역; exact; 문체/용어 검토 필요; commit 29d0a76ceb26d57e9f134b6d682ac857acecfad4
"Message from Archibald. "" Do not dare to return without my Crown."""	"아치볼드의 전갈. ""내 왕관 없이는 돌아올 생각도 하지 마라."""	fheroes2 ko.po 참고 번역; exact; 문체/용어 검토 필요; commit 29d0a76ceb26d57e9f134b6d682ac857acecfad4
"Message from Archibald. "" General, thank you for bringing me this lovely gift. I have decided to participate directly in the capture of my brother Roland. Since your military advice has taken us this far, I will follow your orders to the letter."""	"아치볼드의 전갈. ""장군, 이 훌륭한 선물을 가져와 줘서 고맙소. 나는 내 형제 롤랜드를 붙잡는 일에 직접 참여하기로 했소. 장군의 군사 조언 덕분에 여기까지 왔으니, 이제 당신의 명령을 한 글자도 어기지 않고 따르겠소."""	fheroes2 ko.po 참고 번역; exact; 문체/용어 검토 필요; commit 29d0a76ceb26d57e9f134b6d682ac857acecfad4
"Message from Roland.  ""General, I have sent most of our troops and material ahead to the region of the final conflict with Archibald.  Unfortunately, Lord Corlagon has cut us off from the rest of our army.  I will be awaiting your victory in a castle across the west river.  I should be safe from attack."""	"롤랜드의 전갈. ""장군, 아치볼드와의 최종 결전 지역으로 우리 병력과 물자 대부분을 먼저 보냈소. 안타깝게도 콜라곤 경이 우리를 나머지 군대와 갈라놓았소. 나는 서쪽 강 건너 성에서 장군의 승리를 기다리겠소. 그곳이라면 공격받지 않을 것이오."""	fheroes2 ko.po 참고 번역; exact; 문체/용어 검토 필요; commit 29d0a76ceb26d57e9f134b6d682ac857acecfad4
"Message from Roland. "" We cannot hope to defeat Archibald without the Crown, I'm counting on you."""	"롤랜드의 전갈. ""왕관 없이는 아치볼드를 이길 희망이 없소. 장군만 믿겠소."""	fheroes2 ko.po 참고 번역; exact; 문체/용어 검토 필요; commit 29d0a76ceb26d57e9f134b6d682ac857acecfad4
"Message from Roland. ""General, circumstances permit me to take a hand in the events of this final conflict. I have your spoils of war with me and I will follow your advice explicitly."""	"롤랜드의 전갈. ""장군, 상황이 허락되어 이번 마지막 결전에 나도 직접 참여할 수 있게 되었소. 장군이 거둔 전리품은 내가 가지고 있으며, 장군의 조언을 그대로 따르겠소."""	fheroes2 ko.po 참고 번역; exact; 문체/용어 검토 필요; commit 29d0a76ceb26d57e9f134b6d682ac857acecfad4
Money For Red	빨강에게 줄 돈	fheroes2 ko.po 참고 번역; exact; 문체/용어 검토 필요; commit 29d0a76ceb26d57e9f134b6d682ac857acecfad4
No Description	설명 없음	fheroes2 ko.po 참고 번역; exact; 문체/용어 검토 필요; commit 29d0a76ceb26d57e9f134b6d682ac857acecfad4
No gems, crystal, or mercury for red.	빨간색 진영에게 보석, 수정, 수은은 없다.	fheroes2 ko.po 참고 번역; exact; 문체/용어 검토 필요; commit 29d0a76ceb26d57e9f134b6d682ac857acecfad4
No one has ever made it out of the deadly swamps alive!	죽음의 늪에 들어가 살아 돌아온 자는 아무도 없다!	fheroes2 ko.po 참고 번역; exact; 문체/용어 검토 필요; commit 29d0a76ceb26d57e9f134b6d682ac857acecfad4
No stuff for red	빨강에게 줄 물자 없음	fheroes2 ko.po 참고 번역; exact; 문체/용어 검토 필요; commit 29d0a76ceb26d57e9f134b6d682ac857acecfad4
No sulfer fer Yella.	노란색 진영에겐 유황 없다.	fheroes2 ko.po 참고 번역; exact; 문체/용어 검토 필요; commit 29d0a76ceb26d57e9f134b6d682ac857acecfad4
Notice- Those who put messages in bottles will be tortured.	공지 - 병에 메시지를 넣는 자는 고문한다.	fheroes2 ko.po 참고 번역; exact; 문체/용어 검토 필요; commit 29d0a76ceb26d57e9f134b6d682ac857acecfad4
Of the necromancers....	네크로맨서들의....	fheroes2 ko.po 참고 번역; exact; 문체/용어 검토 필요; commit 29d0a76ceb26d57e9f134b6d682ac857acecfad4
One of the seers in your castle comes to you in the morning with urgent news. Your one time comrade, the wizard Joseph, and his armies have been imprisoned in a jail nearby. His power would surely aid you in your quest to reclaim the library, you think to yourself. Perhaps there is a way to rescue him...	아침에 성의 예언자 중 한 명이 급한 소식을 들고 찾아온다. 한때 동료였던 위저드 조셉과 그의 군대가 근처 감옥에 갇혔다고 한다. 그의 힘이라면 도서관을 되찾는 임무에 분명 도움이 될 것이다. 어쩌면 그를 구출할 방법이 있을지도 모른다...	fheroes2 ko.po 참고 번역; exact; 문체/용어 검토 필요; commit 29d0a76ceb26d57e9f134b6d682ac857acecfad4
"One of your ""Allies"" has joined Roland. You are now facing three castles, all belonging to the enemy. Good luck!"	"당신의 ""동맹"" 중 하나가 롤랜드 편에 붙었다. 이제 적이 소유한 성 셋을 상대해야 한다. 행운을 빈다!"	fheroes2 ko.po 참고 번역; exact; 문체/용어 검토 필요; commit 29d0a76ceb26d57e9f134b6d682ac857acecfad4
"One of your ""allies"" has joined Archibald.  You now face an opponent with three castles to your one.  Good luck!"	"당신의 ""동맹"" 중 하나가 아치볼드 편에 붙었다. 이제 당신의 성 하나로 성 셋을 가진 적을 상대해야 한다. 행운을 빈다!"	fheroes2 ko.po 참고 번역; exact; 문체/용어 검토 필요; commit 29d0a76ceb26d57e9f134b6d682ac857acecfad4
One of your aides reports that the Castle of Farlien is located on the northeast spur of this island, and is a stronghold for the enemy. He urges you to take it out as soon as possible, and then move onto other islands.	부관 한 명이 팔리엔 성이 이 섬 북동쪽 돌출부에 있으며 적의 요새라고 보고한다. 그는 가능한 한 빨리 그곳을 무너뜨린 뒤 다른 섬으로 진출하라고 재촉한다.	fheroes2 ko.po 참고 번역; exact; 문체/용어 검토 필요; commit 29d0a76ceb26d57e9f134b6d682ac857acecfad4
One of your scouts reports a tiny cave nearby. Upon investigating, you discover a small cache of goods. In the dirt by them is etched 'Ivan'.	정찰병 한 명이 근처에 아주 작은 동굴이 있다고 보고한다. 조사해 보니 물품을 조금 모아 둔 은닉처가 있다. 옆 흙바닥에는 '이반'이라고 새겨져 있다.	fheroes2 ko.po 참고 번역에서 인명 Ivan을 사용자 정책에 따라 이반으로 교정; commit 29d0a76ceb26d57e9f134b6d682ac857acecfad4
Only a month remains in which to find Joseph. 	조셉을 찾을 수 있는 시간은 한 달뿐이다.	fheroes2 ko.po 참고 번역; trailing_space_normalized; 문체/용어 검토 필요; commit 29d0a76ceb26d57e9f134b6d682ac857acecfad4
Orange stuff	주황 물자	fheroes2 ko.po 참고 번역; exact; 문체/용어 검토 필요; commit 29d0a76ceb26d57e9f134b6d682ac857acecfad4
Other than the dragons, the elves don't have any enemies.	드래곤을 빼면 엘프들에게는 적이 없다.	fheroes2 ko.po 참고 번역; exact; 문체/용어 검토 필요; commit 29d0a76ceb26d57e9f134b6d682ac857acecfad4
Our spies have discovered that the barbarian hordes are now receiving support from kraeger! You must hurry and find the third piece before your forces here are crushed!	첩자들이 바바리안 무리가 이제 크레이거의 지원까지 받고 있다는 사실을 알아냈다! 이곳의 병력이 짓밟히기 전에 서둘러 세 번째 조각을 찾아야 한다!	fheroes2 ko.po 참고 번역; exact; 문체/용어 검토 필요; commit 29d0a76ceb26d57e9f134b6d682ac857acecfad4
POL-2	POL-2	fheroes2 ko.po 참고 번역; exact; 문체/용어 검토 필요; commit 29d0a76ceb26d57e9f134b6d682ac857acecfad4
POL-3	POL-3	fheroes2 ko.po 참고 번역; exact; 문체/용어 검토 필요; commit 29d0a76ceb26d57e9f134b6d682ac857acecfad4
POL-4	POL-4	fheroes2 ko.po 참고 번역; exact; 문체/용어 검토 필요; commit 29d0a76ceb26d57e9f134b6d682ac857acecfad4
POL-5	POL-5	fheroes2 ko.po 참고 번역; exact; 문체/용어 검토 필요; commit 29d0a76ceb26d57e9f134b6d682ac857acecfad4
POL-6	POL-6	fheroes2 ko.po 참고 번역; exact; 문체/용어 검토 필요; commit 29d0a76ceb26d57e9f134b6d682ac857acecfad4
POL-7	POL-7	fheroes2 ko.po 참고 번역; exact; 문체/용어 검토 필요; commit 29d0a76ceb26d57e9f134b6d682ac857acecfad4
POL-8	POL-8	fheroes2 ko.po 참고 번역; exact; 문체/용어 검토 필요; commit 29d0a76ceb26d57e9f134b6d682ac857acecfad4
Paper can gain you what wood and sail cannot.	종이라면 나무와 돛으로 얻지 못하는 것을 얻게 해 줄 수 있다.	fheroes2 ko.po 참고 번역; exact; 문체/용어 검토 필요; commit 29d0a76ceb26d57e9f134b6d682ac857acecfad4
Powerful magic lies southwest of here in the Valley of the Kings.	이곳 남서쪽 왕들의 계곡에 강력한 마법이 있다.	fheroes2 ko.po 참고 번역; exact; 문체/용어 검토 필요; commit 29d0a76ceb26d57e9f134b6d682ac857acecfad4
Price Of Loyalty 3	충성의 대가 3	fheroes2 ko.po 참고 번역; exact; 문체/용어 검토 필요; commit 29d0a76ceb26d57e9f134b6d682ac857acecfad4
Price Of Loyalty 5	충성의 대가 5	fheroes2 ko.po 참고 번역; exact; 문체/용어 검토 필요; commit 29d0a76ceb26d57e9f134b6d682ac857acecfad4
Price of Loyalty 2	충성의 대가 2	fheroes2 ko.po 참고 번역; exact; 문체/용어 검토 필요; commit 29d0a76ceb26d57e9f134b6d682ac857acecfad4
Price of Loyalty 6	충성의 대가 6	fheroes2 ko.po 참고 번역; exact; 문체/용어 검토 필요; commit 29d0a76ceb26d57e9f134b6d682ac857acecfad4
Price of Loyalty 7	충성의 대가 7	fheroes2 ko.po 참고 번역; exact; 문체/용어 검토 필요; commit 29d0a76ceb26d57e9f134b6d682ac857acecfad4
Prisoner on....	죄수는...	fheroes2 ko.po 참고 번역; exact; 문체/용어 검토 필요; commit 29d0a76ceb26d57e9f134b6d682ac857acecfad4
Red's Connection	빨강의 연결	fheroes2 ko.po 참고 번역; exact; 문체/용어 검토 필요; commit 29d0a76ceb26d57e9f134b6d682ac857acecfad4
Red's Lunch Money	빨강의 점심값	fheroes2 ko.po 참고 번역; exact; 문체/용어 검토 필요; commit 29d0a76ceb26d57e9f134b6d682ac857acecfad4
Red's Rubles	빨강의 루블	fheroes2 ko.po 참고 번역; exact; 문체/용어 검토 필요; commit 29d0a76ceb26d57e9f134b6d682ac857acecfad4
Regrettably, you have no castle with which to begin your assault. Fortunately, however, Kraeger's forces are weak here in the south, and you have bribed a rebel necromancer to aid you in the beginning of your conquest.	안타깝게도 공격을 시작할 성이 없다. 하지만 다행히도 남쪽의 크레이거 병력은 약하고, 정복 초기에 도움을 주도록 반란 네크로맨서 하나를 매수해 두었다.	fheroes2 ko.po 참고 번역; exact; 문체/용어 검토 필요; commit 29d0a76ceb26d57e9f134b6d682ac857acecfad4
Rescue your crazy Uncle Ivan. Find him within 4 months or it will be no help to your kingdom.	정신 나간 이반 삼촌을 구출하라. 4개월 안에 찾아야 왕국에 도움이 된다.	fheroes2 ko.po 참고 번역; exact; 문체/용어 검토 필요; commit 29d0a76ceb26d57e9f134b6d682ac857acecfad4
Restricted Area, Do Not Enter!	제한 구역. 출입 금지!	fheroes2 ko.po 참고 번역; exact; 문체/용어 검토 필요; commit 29d0a76ceb26d57e9f134b6d682ac857acecfad4
Retake the Castle of Ivory Gates.	아이보리 게이츠 성을 탈환하라.	fheroes2 ko.po 참고 번역; exact; 문체/용어 검토 필요; commit 29d0a76ceb26d57e9f134b6d682ac857acecfad4
Retake the castle of Ivory Gates, which has fallen due to treachery.	배신으로 함락된 상아의 문 성을 되찾으세요.	fheroes2 ko.po 참고 번역; exact; 문체/용어 검토 필요; commit 29d0a76ceb26d57e9f134b6d682ac857acecfad4
Scouts report the enemy's stronghold lies to the Southwest. Our swift arrival has caught them by surprise. If you move quickly their resistance will be minimal.	정찰병들은 적의 요새가 남서쪽에 있다고 보고한다. 우리가 빠르게 도착해 적은 기습을 당한 상태다. 서두르면 저항은 미미할 것이다.	fheroes2 ko.po 참고 번역; exact; 문체/용어 검토 필요; commit 29d0a76ceb26d57e9f134b6d682ac857acecfad4
"Scouts report the notorious necromancer ""Wyrm"" has been sighted to the northeast."	"악명 높은 네크로맨서 ""웜""이 북동쪽에서 목격됐다고 정찰병들이 보고한다."	fheroes2 ko.po 참고 번역; exact; 문체/용어 검토 필요; commit 29d0a76ceb26d57e9f134b6d682ac857acecfad4
Searching in the dust of this abandoned campsite, you find a magic scroll.	버려진 야영지의 먼지를 뒤지다 마법 두루마리 하나를 발견한다.	fheroes2 ko.po 참고 번역; exact; 문체/용어 검토 필요; commit 29d0a76ceb26d57e9f134b6d682ac857acecfad4
Seek the great library, for only with the guidance of the musty tomes therin will you find the means to reveal and bind the fount to your will.	위대한 도서관을 찾아라. 그곳의 먼지 쌓인 고서의 인도가 있어야만 샘을 드러내고 당신의 뜻에 묶을 방법을 찾을 수 있다.	fheroes2 ko.po 참고 번역; exact; 문체/용어 검토 필요; commit 29d0a76ceb26d57e9f134b6d682ac857acecfad4
Snagged on a thorny bush, you discover a scrap of cloth. The design on it looks like the coat of arms of Ivan's house!	가시덤불에 걸린 천 조각을 발견한다. 무늬를 보니 이반 가문의 문장과 닮았다!	fheroes2 ko.po 참고 번역; exact; 문체/용어 검토 필요; commit 29d0a76ceb26d57e9f134b6d682ac857acecfad4
So you think you're smart?	그래서 네가 똑똑하다고 생각하나?	fheroes2 ko.po 참고 번역; exact; 문체/용어 검토 필요; commit 29d0a76ceb26d57e9f134b6d682ac857acecfad4
Some unlucky adventurers have been captured and imprisoned in these lands.	운 나쁜 모험가 몇 명이 이 땅에서 붙잡혀 감옥에 갇혔다.	fheroes2 ko.po 참고 번역; exact; 문체/용어 검토 필요; commit 29d0a76ceb26d57e9f134b6d682ac857acecfad4
"Someone notices a piece of parchment lying behind a clump of grass. You pick it up. It looks to be a page from a journal, and it reads, ""...made it past the first guardians. Hopefully will reach the ancient desert city soon. Only hope my forces are strong enough to survive..."""	"누군가 풀숲 뒤에 떨어진 양피지 조각을 발견한다. 집어 보니 일지의 한 페이지 같다. 이렇게 적혀 있다. ""...첫 번째 수호자들을 지나왔다. 곧 고대 사막 도시에 도착하길 바란다. 내 병력이 살아남을 만큼 강하기만을 바랄 뿐..."""	fheroes2 ko.po 참고 번역; exact; 문체/용어 검토 필요; commit 29d0a76ceb26d57e9f134b6d682ac857acecfad4
Sorceress Forest.  Show respect for nature!	여마법사의 숲. 자연을 존중하라!	fheroes2 ko.po 참고 번역; exact; 문체/용어 검토 필요; commit 29d0a76ceb26d57e9f134b6d682ac857acecfad4
Spies report Roland has sent a hero to search for the Crown. If he finds it first, all is lost!	첩자들이 롤랜드가 왕관을 찾으라고 영웅 하나를 보냈다고 보고한다. 그가 먼저 찾으면 모든 것이 끝이다!	fheroes2 ko.po 참고 번역; exact; 문체/용어 검토 필요; commit 29d0a76ceb26d57e9f134b6d682ac857acecfad4
Stuff For Yellow	노랑용 물자	fheroes2 ko.po 참고 번역; exact; 문체/용어 검토 필요; commit 29d0a76ceb26d57e9f134b6d682ac857acecfad4
Stuff for Yellow	노랑용 물자	fheroes2 ko.po 참고 번역; exact; 문체/용어 검토 필요; commit 29d0a76ceb26d57e9f134b6d682ac857acecfad4
Stuff for red	빨강용 물자	fheroes2 ko.po 참고 번역; exact; 문체/용어 검토 필요; commit 29d0a76ceb26d57e9f134b6d682ac857acecfad4
The Eastern Town.	동쪽 마을.	fheroes2 ko.po 참고 번역; exact; 문체/용어 검토 필요; commit 29d0a76ceb26d57e9f134b6d682ac857acecfad4
The Emerald Isle	에메랄드 섬	fheroes2 ko.po 참고 번역; exact; 문체/용어 검토 필요; commit 29d0a76ceb26d57e9f134b6d682ac857acecfad4
The Enchanted Forest.	마법에 걸린 숲.	fheroes2 ko.po 참고 번역; exact; 문체/용어 검토 필요; commit 29d0a76ceb26d57e9f134b6d682ac857acecfad4
The Epic battle against Your Rival! Eliminate everything! Total Warfare! Don't Lose your first hero!	숙적과 벌이는 장대한 전투! 모조리 제거하라! 전면전이다! 첫 영웅을 잃지 마라!	fheroes2 ko.po 참고 번역; exact; 문체/용어 검토 필요; commit 29d0a76ceb26d57e9f134b6d682ac857acecfad4
The Isle of Armoria	아르모리아 섬	fheroes2 ko.po 참고 번역; exact; 문체/용어 검토 필요; commit 29d0a76ceb26d57e9f134b6d682ac857acecfad4
The Kingly Wastes	왕의 황무지	fheroes2 ko.po 참고 번역; exact; 문체/용어 검토 필요; commit 29d0a76ceb26d57e9f134b6d682ac857acecfad4
The Kings Road.	왕의 길.	fheroes2 ko.po 참고 번역; exact; 문체/용어 검토 필요; commit 29d0a76ceb26d57e9f134b6d682ac857acecfad4
The North Road to Roland's castle.	롤랜드의 성으로 가는 북쪽 길.	fheroes2 ko.po 참고 번역; exact; 문체/용어 검토 필요; commit 29d0a76ceb26d57e9f134b6d682ac857acecfad4
The Queen's Road.	여왕의 길.	fheroes2 ko.po 참고 번역; exact; 문체/용어 검토 필요; commit 29d0a76ceb26d57e9f134b6d682ac857acecfad4
The River Styx	스틱스강	fheroes2 ko.po 참고 번역; exact; 문체/용어 검토 필요; commit 29d0a76ceb26d57e9f134b6d682ac857acecfad4
The Rock Store.	바위 상점.	fheroes2 ko.po 참고 번역; exact; 문체/용어 검토 필요; commit 29d0a76ceb26d57e9f134b6d682ac857acecfad4
The Royal Gardens.	왕실 정원.	fheroes2 ko.po 참고 번역; exact; 문체/용어 검토 필요; commit 29d0a76ceb26d57e9f134b6d682ac857acecfad4
The Valley of Aruk.	아루크의 계곡.	fheroes2 ko.po 참고 번역; exact; 문체/용어 검토 필요; commit 29d0a76ceb26d57e9f134b6d682ac857acecfad4
The Wizards who have captured the Necromancers' town have wasted no time in building defenses designed to stop you, and their last castle has just been completed. Fortunately only a Captain of the Guard and a small garrison are currently present.  If you hurry, you should be able to capture the castle before they have a chance to reinforce it!	네크로맨서들의 마을을 점령한 위저드들은 지체 없이 당신을 막기 위한 방어 시설을 세웠고, 방금 마지막 성까지 완성했다. 다행히 지금은 경비대장과 소수의 수비대만 주둔하고 있다. 서두른다면 적이 증원군을 보내기 전에 성을 점령할 수 있을 것이다!	fheroes2 ko.po 참고 번역; exact; 문체/용어 검토 필요; commit 29d0a76ceb26d57e9f134b6d682ac857acecfad4
The castle of Drakonran in the east has been taken by the barbarians! Two other towns to the west have also been taken, but the barbarian armies were fairly decimated in the process.	동쪽의 드라콘란 성이 바바리안에게 함락됐다! 서쪽의 다른 마을 두 곳도 빼앗겼지만, 그 과정에서 바바리안 군대도 상당히 궤멸했다.	fheroes2 ko.po 참고 번역; exact; 문체/용어 검토 필요; commit 29d0a76ceb26d57e9f134b6d682ac857acecfad4
The cities of the plains.	평원의 도시들.	fheroes2 ko.po 참고 번역; exact; 문체/용어 검토 필요; commit 29d0a76ceb26d57e9f134b6d682ac857acecfad4
The convoy has at long last arrived. Regretably, it has been beset by bandits on its journey here, and has far less supplies than we had hoped. Make your way south, for our spies have found rich mines there.	수송대가 마침내 도착했다. 안타깝게도 오는 길에 도적들의 습격을 받아 기대했던 것보다 보급품이 훨씬 적다. 남쪽으로 향하라. 첩자들이 그곳에서 풍부한 광산을 발견했다.	fheroes2 ko.po 참고 번역; exact; 문체/용어 검토 필요; commit 29d0a76ceb26d57e9f134b6d682ac857acecfad4
The convoy should have been here by now! Let us hope that it is safe and still on its way.	수송대는 벌써 도착했어야 한다! 무사히 아직 오고 있는 중이기를 바라자.	fheroes2 ko.po 참고 번역; exact; 문체/용어 검토 필요; commit 29d0a76ceb26d57e9f134b6d682ac857acecfad4
The country lords have allied and pooled their resources into one command. Not only have they massed their forces in the north, but they have sent a knight to the west to steal your supplies. Scouts report a castle to the east that would be ideal as a base of operations.	지방 영주들이 동맹을 맺고 자원을 하나의 지휘부 아래 모았다. 북쪽에 병력을 집결시켰을 뿐 아니라 서쪽으로 기사 하나를 보내 당신의 보급품을 훔치게 했다. 정찰병들은 동쪽에 작전 기지로 쓰기에 이상적인 성이 있다고 보고한다.	fheroes2 ko.po 참고 번역; exact; 문체/용어 검토 필요; commit 29d0a76ceb26d57e9f134b6d682ac857acecfad4
The diplomats who were sent here ahead of you report that the elves will only cooperate with you if you will recover the golden bow for them. It was stolen by their enemies, the Dragons and hidden behind magic barriers.	당신보다 먼저 이곳에 온 외교관들이 엘프들은 황금 활을 되찾아 줘야만 협력하겠다고 보고한다. 그 활은 적인 드래곤들이 훔쳐 마법 장벽 뒤에 숨겨 두었다.	fheroes2 ko.po 참고 번역; exact; 문체/용어 검토 필요; commit 29d0a76ceb26d57e9f134b6d682ac857acecfad4
The first piece of the artifact now lies in the hands of the Unholy Order of Warlocks. You must annihilate them, and their allies to the north. They will surely give us what we seek in exchange for their feeble lives.	유물의 첫 번째 조각은 이제 불경한 흑마법사 기사단의 손에 있다. 그들과 북쪽의 동맹을 전멸시켜야 한다. 목숨만 살려 준다면 우리가 찾는 것을 순순히 내놓을 것이다.	fheroes2 ko.po 참고 번역; exact; 문체/용어 검토 필요; commit 29d0a76ceb26d57e9f134b6d682ac857acecfad4
The guardians of Dragon Isle reside in the jungle.	드래곤 섬의 수호자들은 정글에 산다.	fheroes2 ko.po 참고 번역; exact; 문체/용어 검토 필요; commit 29d0a76ceb26d57e9f134b6d682ac857acecfad4
The island....	그 섬...	fheroes2 ko.po 참고 번역; exact; 문체/용어 검토 필요; commit 29d0a76ceb26d57e9f134b6d682ac857acecfad4
The islands have much wealth.	이 섬들에는 많은 부가 있다.	fheroes2 ko.po 참고 번역; exact; 문체/용어 검토 필요; commit 29d0a76ceb26d57e9f134b6d682ac857acecfad4
The note in this bottle has become mostly indecipherable. All you can make out are references to deadly pirates, and hidden gold mines.	이 병 속 쪽지는 대부분 알아볼 수 없게 됐다. 간신히 읽을 수 있는 것은 치명적인 해적들과 숨겨진 금광에 관한 언급뿐이다.	fheroes2 ko.po 참고 번역; exact; 문체/용어 검토 필요; commit 29d0a76ceb26d57e9f134b6d682ac857acecfad4
The third piece of the artifact is somewhere to the north, that much we know. We are still unsure of its exact location, but our spies are out gathering information. The forces in this area are too strong to be completely subjugated, so take what you can and hold on to it tightly.	유물의 세 번째 조각은 북쪽 어딘가에 있다. 그 정도는 알아냈다. 정확한 위치는 아직 확실치 않지만 첩자들이 정보를 모으고 있다. 이 지역의 세력은 완전히 굴복시키기엔 너무 강하니, 차지할 수 있는 만큼 차지하고 단단히 지켜라.	fheroes2 ko.po 참고 번역; exact; 문체/용어 검토 필요; commit 29d0a76ceb26d57e9f134b6d682ac857acecfad4
The way of might	힘의 길	fheroes2 ko.po 참고 번역; exact; 문체/용어 검토 필요; commit 29d0a76ceb26d57e9f134b6d682ac857acecfad4
The way of numbers	숫자의 길	fheroes2 ko.po 참고 번역; exact; 문체/용어 검토 필요; commit 29d0a76ceb26d57e9f134b6d682ac857acecfad4
The western town.	서쪽 마을.	fheroes2 ko.po 참고 번역; exact; 문체/용어 검토 필요; commit 29d0a76ceb26d57e9f134b6d682ac857acecfad4
The writing on this sign is too faded to read.	표지판의 글씨가 너무 바래서 읽을 수 없다.	fheroes2 ko.po 참고 번역; exact; 문체/용어 검토 필요; commit 29d0a76ceb26d57e9f134b6d682ac857acecfad4
There are remnants of a mighty battle fought here, not too long ago. It looks as if whoever came this way may have made this their final stop.	이곳에는 그리 오래되지 않은 시기에 벌어진 거대한 전투의 흔적이 남아 있다. 이 길을 지나간 자들은 여기서 마지막 여정을 맞은 듯하다.	fheroes2 ko.po 참고 번역; exact; 문체/용어 검토 필요; commit 29d0a76ceb26d57e9f134b6d682ac857acecfad4
There was a shipreck in the far east waters recently.	최근 먼 동쪽 바다에서 난파 사고가 있었다.	fheroes2 ko.po 참고 번역; exact; 문체/용어 검토 필요; commit 29d0a76ceb26d57e9f134b6d682ac857acecfad4
There's a Wizard living in the north who is behind this peasant revolt.	북쪽에 사는 위저드 하나가 이번 농민 반란의 배후에 있다.	fheroes2 ko.po 참고 번역; exact; 문체/용어 검토 필요; commit 29d0a76ceb26d57e9f134b6d682ac857acecfad4
These lands are beholden to Lord Kraeger.	이 땅은 크래거 경의 지배를 받는다.	fheroes2 ko.po 참고 번역; exact; 문체/용어 검토 필요; commit 29d0a76ceb26d57e9f134b6d682ac857acecfad4
These lands are desolate and for the most part devoid of resources. Not even the bravest heroes dare to venture into them, and plants are rare and precious here. Who knows what else awaits?	이 땅은 황량하고 자원도 거의 없다. 가장 용감한 영웅조차 이곳에 들어오려 하지 않으며, 식물은 드물고 귀하다. 그 밖에 무엇이 기다리고 있을지는 아무도 모른다.	fheroes2 ko.po 참고 번역; exact; 문체/용어 검토 필요; commit 29d0a76ceb26d57e9f134b6d682ac857acecfad4
This area is rich in resources. Explore, but beware, a castle left undefended will quickly fall.	이 지역은 자원이 풍부하다. 탐험하되 조심하라. 방비가 없는 성은 순식간에 함락된다.	fheroes2 ko.po 참고 번역; exact; 문체/용어 검토 필요; commit 29d0a76ceb26d57e9f134b6d682ac857acecfad4
This area must be secured for the sake of the Empire. Our spies have reported a discord between The kingdom of the knights to the north, and that of the oppressive sorceresses to the northeast. Perhaps this feud can be exploited for our gain...	제국을 위해 이 지역을 확보해야 한다. 우리 첩자들에 따르면 북쪽의 기사 왕국과 북동쪽의 폭압적인 여마법사 왕국 사이에 불화가 생겼다고 한다. 이 갈등을 우리 이익에 이용할 수 있을지도 모른다...	fheroes2 ko.po 참고 번역; exact; 문체/용어 검토 필요; commit 29d0a76ceb26d57e9f134b6d682ac857acecfad4
This bottle is empty.	이 병은 비어 있다.	fheroes2 ko.po 참고 번역; exact; 문체/용어 검토 필요; commit 29d0a76ceb26d57e9f134b6d682ac857acecfad4
This is the final battle against your rival kingdom of Harondale. Eliminate everyone, and don't lose the hero Jarkonas VI.	경쟁국 하론데일과의 최종 전투입니다. 모두 제거하되 영웅 자르코나스 6세를 잃지 마세요.	fheroes2 ko.po 참고 번역; exact; 문체/용어 검토 필요; commit 29d0a76ceb26d57e9f134b6d682ac857acecfad4
This is the last week you have to find the rebel wizard Joseph! Good Luck in your quest.	반란 위저드 조셉을 찾을 수 있는 마지막 주다! 임무에 행운이 있기를.	fheroes2 ko.po 참고 번역; exact; 문체/용어 검토 필요; commit 29d0a76ceb26d57e9f134b6d682ac857acecfad4
This land and all others are now under the sole ownership of Ibn Fadlan, the Undead King. Any disregard for his magesty's soverign rule is to be punished by death most horrendous.	이 땅과 다른 모든 땅은 이제 언데드 왕 이븐 파들란의 단독 소유다. 폐하의 주권을 무시하는 자는 가장 끔찍한 죽음으로 처벌한다.	fheroes2 ko.po 참고 번역; exact; 문체/용어 검토 필요; commit 29d0a76ceb26d57e9f134b6d682ac857acecfad4
This land has been claimed by the nation of Neroli. Interlopers are UNWELCOME.	이 땅은 네롤리 국가가 차지했다. 침입자는 환영하지 않는다.	fheroes2 ko.po 참고 번역; exact; 문체/용어 검토 필요; commit 29d0a76ceb26d57e9f134b6d682ac857acecfad4
This rundown village looks like it was once the epicenter of an enormous, but now ruined, city. Under a pile of rubble you find an object which looks like it has lain there for ages.	이 쇠락한 마을은 한때 거대한 도시의 중심지였던 듯하지만 지금은 폐허뿐이다. 잔해 더미 아래에서 아주 오랫동안 그곳에 묻혀 있었던 듯한 물건 하나를 발견한다.	fheroes2 ko.po 참고 번역; exact; 문체/용어 검토 필요; commit 29d0a76ceb26d57e9f134b6d682ac857acecfad4
"This village appears to be in little better shape than the first one you saw. As you approach the village an old man hands you a slip of paper, with the following message, ""Joseph lives in the town of IslandHome."""	"이 마을도 처음 본 마을보다 나을 것이 없어 보인다. 마을에 다가가자 노인이 종이쪽지를 건넨다. 거기에는 이렇게 적혀 있다. ""조셉은 아일랜드홈 마을에 산다."""	fheroes2 ko.po 참고 번역; exact; 문체/용어 검토 필요; commit 29d0a76ceb26d57e9f134b6d682ac857acecfad4
This village is in extremely poor shape. There is no chance of getting more than some of the lesser creatures here.	이 마을은 상태가 매우 나쁘다. 여기서는 하급 생물 몇 마리 이상을 얻을 가능성이 없다.	fheroes2 ko.po 참고 번역; exact; 문체/용어 검토 필요; commit 29d0a76ceb26d57e9f134b6d682ac857acecfad4
This way to the Necromancer Forest.	이쪽은 네크로맨서 숲으로 가는 길이다.	fheroes2 ko.po 참고 번역; exact; 문체/용어 검토 필요; commit 29d0a76ceb26d57e9f134b6d682ac857acecfad4
Those who seek knowledge are welcome to the city of Chronos.	지식을 구하는 자는 크로노스 시에서 환영받는다.	fheroes2 ko.po 참고 번역; exact; 문체/용어 검토 필요; commit 29d0a76ceb26d57e9f134b6d682ac857acecfad4
Trespassers will be EATEN!	침입자는 잡아먹는다!	fheroes2 ko.po 참고 번역; exact; 문체/용어 검토 필요; commit 29d0a76ceb26d57e9f134b6d682ac857acecfad4
Turn Back Now or all will be LOST!	지금 돌아가지 않으면 모든 것을 잃는다!	fheroes2 ko.po 참고 번역; exact; 문체/용어 검토 필요; commit 29d0a76ceb26d57e9f134b6d682ac857acecfad4
Turn Back Now!	지금 돌아가라!	fheroes2 ko.po 참고 번역; exact; 문체/용어 검토 필요; commit 29d0a76ceb26d57e9f134b6d682ac857acecfad4
Turn Back or DIE!	돌아가라, 아니면 죽는다!	fheroes2 ko.po 참고 번역; exact; 문체/용어 검토 필요; commit 29d0a76ceb26d57e9f134b6d682ac857acecfad4
Unite the Tribes. Don't lose your main hero, the first Descendant.	부족들을 통합하라. 주 영웅인 첫 번째 후손을 잃지 마라.	fheroes2 ko.po 참고 번역; exact; 문체/용어 검토 필요; commit 29d0a76ceb26d57e9f134b6d682ac857acecfad4
Valley Of The Damned	저주받은 자들의 계곡	fheroes2 ko.po 참고 번역; exact; 문체/용어 검토 필요; commit 29d0a76ceb26d57e9f134b6d682ac857acecfad4
Valley of the Kings.	왕들의 계곡.	fheroes2 ko.po 참고 번역; exact; 문체/용어 검토 필요; commit 29d0a76ceb26d57e9f134b6d682ac857acecfad4
We have just learned that the artifact is on an island north of this continent. However, there does not appear to be any means to get there. Stay very alert for any possible way across the narrow channel.	방금 유물이 이 대륙 북쪽의 섬에 있다는 사실을 알아냈다. 하지만 그곳으로 갈 방법은 보이지 않는다. 좁은 해협을 건널 수 있는 수단이 없는지 각별히 살펴라.	fheroes2 ko.po 참고 번역; exact; 문체/용어 검토 필요; commit 29d0a76ceb26d57e9f134b6d682ac857acecfad4
Welcome to Windfall Island!	윈드폴 아일랜드에 오신 것을 환영합니다!	fheroes2 ko.po 참고 번역; exact; 문체/용어 검토 필요; commit 29d0a76ceb26d57e9f134b6d682ac857acecfad4
Welcome to the Sandbar.	샌드바에 오신 것을 환영합니다.	fheroes2 ko.po 참고 번역; exact; 문체/용어 검토 필요; commit 29d0a76ceb26d57e9f134b6d682ac857acecfad4
Welcome to the Spiral Isles	스파이럴 제도에 오신 것을 환영합니다	fheroes2 ko.po 참고 번역; exact; 문체/용어 검토 필요; commit 29d0a76ceb26d57e9f134b6d682ac857acecfad4
Welcome to the sandy Isle.	모래섬에 오신 것을 환영합니다.	fheroes2 ko.po 참고 번역; exact; 문체/용어 검토 필요; commit 29d0a76ceb26d57e9f134b6d682ac857acecfad4
Welcome to the sorceress' guild. 	여마법사 길드에 오신 것을 환영합니다.	fheroes2 ko.po 참고 번역; trailing_space_normalized; 문체/용어 검토 필요; commit 29d0a76ceb26d57e9f134b6d682ac857acecfad4
Welcome to your DOOM!	당신의 파멸에 오신 것을 환영합니다!	fheroes2 ko.po 참고 번역; exact; 문체/용어 검토 필요; commit 29d0a76ceb26d57e9f134b6d682ac857acecfad4
Well placed bribes have won you a stronghold near the warring Barbarians. Be advised that given their proximity an unguarded castle is an open invitation to defeat.	적절한 뇌물 덕분에 전쟁 중인 바바리안들 근처의 요새를 손에 넣었다. 그들과 가까운 만큼 지키는 병력이 없는 성은 패배를 자초하는 거나 다름없다는 점을 명심하라.	fheroes2 ko.po 참고 번역; exact; 문체/용어 검토 필요; commit 29d0a76ceb26d57e9f134b6d682ac857acecfad4
What are you doing here?	여기서 뭐 하는 거지?	fheroes2 ko.po 참고 번역; exact; 문체/용어 검토 필요; commit 29d0a76ceb26d57e9f134b6d682ac857acecfad4
What is time spent poorly?	형편없이 보낸 시간은 무엇이라 부르는가?	fheroes2 ko.po 참고 번역; exact; 문체/용어 검토 필요; commit 29d0a76ceb26d57e9f134b6d682ac857acecfad4
Who is the true King?	진정한 왕은 누구인가?	fheroes2 ko.po 참고 번역; exact; 문체/용어 검토 필요; commit 29d0a76ceb26d57e9f134b6d682ac857acecfad4
Windfall Isle	윈드폴 섬	fheroes2 ko.po 참고 번역; exact; 문체/용어 검토 필요; commit 29d0a76ceb26d57e9f134b6d682ac857acecfad4
Wizard's 4	위저드 4	fheroes2 ko.po 참고 번역; exact; 문체/용어 검토 필요; commit 29d0a76ceb26d57e9f134b6d682ac857acecfad4
Wizards 1	위저드 1	fheroes2 ko.po 참고 번역; exact; 문체/용어 검토 필요; commit 29d0a76ceb26d57e9f134b6d682ac857acecfad4
Wizards 2	위저드 2	fheroes2 ko.po 참고 번역; exact; 문체/용어 검토 필요; commit 29d0a76ceb26d57e9f134b6d682ac857acecfad4
Wizards 3	위저드 3	fheroes2 ko.po 참고 번역; exact; 문체/용어 검토 필요; commit 29d0a76ceb26d57e9f134b6d682ac857acecfad4
Yellow gets some stuff	노랑에게 물자를 조금	fheroes2 ko.po 참고 번역; exact; 문체/용어 검토 필요; commit 29d0a76ceb26d57e9f134b6d682ac857acecfad4
Yellow stuff	노랑 물자	fheroes2 ko.po 참고 번역; exact; 문체/용어 검토 필요; commit 29d0a76ceb26d57e9f134b6d682ac857acecfad4
Yellow's Steady Cash	노랑의 안정적인 현금	fheroes2 ko.po 참고 번역; exact; 문체/용어 검토 필요; commit 29d0a76ceb26d57e9f134b6d682ac857acecfad4
Yellow's Yarbols	노랑의 야르볼	fheroes2 ko.po 참고 번역; exact; 문체/용어 검토 필요; commit 29d0a76ceb26d57e9f134b6d682ac857acecfad4
You are fighting on the side of your king!	당신은 왕의 편에서 싸우고 있다!	fheroes2 ko.po 참고 번역; exact; 문체/용어 검토 필요; commit 29d0a76ceb26d57e9f134b6d682ac857acecfad4
You are fighting on the side of your sister!	당신은 자매의 편에서 싸우고 있다!	fheroes2 ko.po 참고 번역; exact; 문체/용어 검토 필요; commit 29d0a76ceb26d57e9f134b6d682ac857acecfad4
You are now entering the domain of Prince Roland. Have a nice day.	이제 롤랜드 왕자의 영지에 들어섭니다. 좋은 하루 보내세요.	fheroes2 ko.po 참고 번역; exact; 문체/용어 검토 필요; commit 29d0a76ceb26d57e9f134b6d682ac857acecfad4
You are now entering the domain of Prince Roland. Have a pleasant stay.	이제 롤랜드 왕자의 영지에 들어섭니다. 즐거운 시간 보내세요.	fheroes2 ko.po 참고 번역; exact; 문체/용어 검토 필요; commit 29d0a76ceb26d57e9f134b6d682ac857acecfad4
You bribe the entrance guards of this dingy prison camp. They agree to look the other way for a little while.	이 칙칙한 수용소의 입구 경비병들에게 뇌물을 준다. 잠시 동안 못 본 척해 주기로 한다.	fheroes2 ko.po 참고 번역; exact; 문체/용어 검토 필요; commit 29d0a76ceb26d57e9f134b6d682ac857acecfad4
"You cautiously ride through the trees, looking out for enemy assaults, when suddenly, the old elf is beside you. ""Your quest is almost at an end, my friend. All that remains is for you to lay seige to these last few castles. The fate of my people rests upon your final battles here. May the gods be with you as well.""  He turns to leave, but you ask him his name before he is gone. Over his shoulder, as he is leaving he says ""I am Ilthanis, king of the elves."""	"적의 습격을 경계하며 조심스럽게 숲을 달리는데, 갑자기 그 늙은 엘프가 옆에 나타난다. ""친구여, 네 여정도 거의 끝났네. 이제 남은 건 마지막 몇 성을 포위하는 일뿐이야. 우리 백성의 운명이 이 마지막 전투에 달렸네. 신들도 그대와 함께하길."" 그가 돌아서 떠나려 하자 사라지기 전에 이름을 묻는다. 그는 어깨 너머로 답한다. ""나는 엘프의 왕 일타니스다."""	fheroes2 ko.po 참고 번역; exact; 문체/용어 검토 필요; commit 29d0a76ceb26d57e9f134b6d682ac857acecfad4
"You find a note in the bottle! It reads, ""My ship has been wrecked by the notorious pirates in this area! I am stranded on a small and barren island. Please, I beg you to come and rescue me!"""	"병 안에서 쪽지를 발견한다! ""이 지역의 악명 높은 해적들에게 배가 난파당했습니다! 작고 황량한 섬에 고립되어 있습니다. 제발, 부탁이니 와서 구해 주세요!""라고 적혀 있다."	fheroes2 ko.po 참고 번역; exact; 문체/용어 검토 필요; commit 29d0a76ceb26d57e9f134b6d682ac857acecfad4
"You find an old signpost in the midst of a thicket that reads ""Warlock Wood, West.  Barbarian Fields, East."""	"덤불 한가운데에서 오래된 이정표를 발견한다. ""흑마법사의 숲, 서쪽. 바바리안 들판, 동쪽.""이라고 적혀 있다."	fheroes2 ko.po 참고 번역; exact; 문체/용어 검토 필요; commit 29d0a76ceb26d57e9f134b6d682ac857acecfad4
You have hired a barbarian of great power to aid you in this, your last quest. His origins are unknown to you, but you sense strong nobility beneath the furs and dirt that cover him. In addition, the famous explorer, Marco the wizard, is rumored to have wrecked his ship in this new land. Finding him would prove to be a much needed boon to your cause. 	마지막 임무를 돕도록 엄청난 힘을 가진 바바리안 하나를 고용했다. 출신은 알 수 없지만 모피와 때 아래로 강한 고귀함이 느껴진다. 게다가 유명한 탐험가인 위저드 마르코가 이 새 땅에서 난파했다는 소문도 있다. 그를 찾는다면 당신의 대의에 꼭 필요한 큰 도움이 될 것이다.	fheroes2 ko.po 참고 번역; trailing_space_normalized; 문체/용어 검토 필요; commit 29d0a76ceb26d57e9f134b6d682ac857acecfad4
You have just 8 weeks  to build your army and conquer a town on the other side of a distant river.  There are three paths to take, which will you choose?	군대를 키우고 먼 강 건너편의 마을을 정복할 시간은 단 8주뿐이다. 갈 수 있는 길은 세 가지다. 어느 길을 택할 것인가?	fheroes2 ko.po 참고 번역; exact; 문체/용어 검토 필요; commit 29d0a76ceb26d57e9f134b6d682ac857acecfad4
You have just 8 weeks to build your army and conquer a town on the other side of a distant river.  There are three paths to take, which will you choose?	군대를 키우고 먼 강 건너편의 마을을 정복할 시간은 단 8주뿐이다. 갈 수 있는 길은 세 가지다. 어느 길을 택할 것인가?	fheroes2 ko.po 참고 번역; exact; 문체/용어 검토 필요; commit 29d0a76ceb26d57e9f134b6d682ac857acecfad4
"You have received a message from Archibald.  "" HOW DARE YOU BETRAY ME! I will see your head on the block alongside your new master's once I have won."	"아치발드에게서 전갈이 왔다. ""감히 나를 배신하다니! 내가 승리하면 네 새 주인의 머리 옆에 네 머리도 단두대에 올려 주마."	fheroes2 ko.po 참고 번역; exact; 문체/용어 검토 필요; commit 29d0a76ceb26d57e9f134b6d682ac857acecfad4
"You have received a message from Archibald. ""General, these peasants deserve punishment. Put them to the sword and let Corlagon have his way with them."""	"아치발드에게서 전갈이 왔다. ""장군, 이 농민들은 벌을 받아 마땅하다. 모조리 베어 버리고 콜라곤이 마음대로 하게 두어라."""	fheroes2 ko.po 참고 번역; exact; 문체/용어 검토 필요; commit 29d0a76ceb26d57e9f134b6d682ac857acecfad4
"You have received a message from Roland. "" I am shocked! I had thought better of you, but I was terribly wrong. Now you'll have to live with your dark decision for the rest of your life."""	"롤랜드에게서 전갈이 왔다. ""충격이군! 더 나은 사람인 줄 알았는데 내가 크게 잘못 봤다. 이제 남은 평생 그 어두운 선택의 결과를 안고 살아야 할 것이다."""	fheroes2 ko.po 참고 번역; exact; 문체/용어 검토 필요; commit 29d0a76ceb26d57e9f134b6d682ac857acecfad4
You have recieved a shipment of supplies from your kingdom!	왕국에서 보급품이 도착했다!	fheroes2 ko.po 참고 번역; exact; 문체/용어 검토 필요; commit 29d0a76ceb26d57e9f134b6d682ac857acecfad4
"You have recieved a shipment of supplies from your kingdom! There is a note attached, ""These are all we could afford to send you from our treasuries, as the war with Harondale is taxing us greatly. We will send more in two weeks."""	"왕국에서 보급품이 도착했다! 쪽지가 붙어 있다. ""하라데일과의 전쟁으로 재정이 크게 압박받고 있어 지금 국고에서 보낼 수 있는 건 이것이 전부입니다. 2주 뒤 더 보내겠습니다."""	fheroes2 ko.po 참고 번역; exact; 문체/용어 검토 필요; commit 29d0a76ceb26d57e9f134b6d682ac857acecfad4
You have washed up on the beach after being shipwrecked. Your goal is to find a way home.	난파당한 뒤 해변에 떠밀려 왔다. 목표는 집으로 돌아갈 방법을 찾는 것이다.	fheroes2 ko.po 참고 번역; exact; 문체/용어 검토 필요; commit 29d0a76ceb26d57e9f134b6d682ac857acecfad4
"You hear a rumor from a peasant who lives in the town of Waystop. He says, ""The pirates control most of the sulfur mines in this area. They use it for the cannons on their bigger boats. If you want a mine, you'll have to defeat them."""	"웨이스톱 마을에 사는 농민에게 소문을 듣는다. ""이 지역 유황 광산 대부분은 해적들이 장악하고 있습니다. 큰 배의 대포에 쓰려고 캐는 거죠. 광산을 원한다면 놈들을 이겨야 할 겁니다."""	fheroes2 ko.po 참고 번역; exact; 문체/용어 검토 필요; commit 29d0a76ceb26d57e9f134b6d682ac857acecfad4
You hear melodic strains of elvish music as you enter this clearing.	이 공터에 들어서자 선율 좋은 엘프 음악이 들린다.	fheroes2 ko.po 참고 번역; exact; 문체/용어 검토 필요; commit 29d0a76ceb26d57e9f134b6d682ac857acecfad4
You must, like, forsake your earthly wealth and, like, join us on the island of the lotus eaters.	그러니까, 세속의 부를 버리고, 뭐랄까, 우리와 함께 연꽃을 먹는 자들의 섬에 들어와야 해.	fheroes2 ko.po 참고 번역; exact; 문체/용어 검토 필요; commit 29d0a76ceb26d57e9f134b6d682ac857acecfad4
You notice some runes hastily scrawled into a rock by your feet, They look like the initials of Uncle Ivan!	발치의 바위에 급하게 긁어 쓴 룬이 눈에 띈다. 이반 삼촌의 이니셜처럼 보인다!	fheroes2 ko.po 참고 번역; exact; 문체/용어 검토 필요; commit 29d0a76ceb26d57e9f134b6d682ac857acecfad4
You notice that mines and resources in the elvish lands are few, and you send word to your kingdom that you will need extra supplies. They should respond within a fortnight.	엘프 영토에는 광산과 자원이 부족하다는 사실을 깨닫고 왕국에 추가 보급품이 필요하다고 전한다. 2주 안에 답이 올 것이다.	fheroes2 ko.po 참고 번역; exact; 문체/용어 검토 필요; commit 29d0a76ceb26d57e9f134b6d682ac857acecfad4
You see a family of refugees making their way from the beach. You ask them about their plight and they tell you that they are from a once great city called Moss Side. They tell you that the castle was destroyed in a great conflagration, and they fled for fear of their lives. 	해변에서 이동 중인 난민 가족을 본다. 사정을 묻자 한때 위대한 도시였던 모스 사이드 출신이라고 한다. 성이 거대한 화재로 파괴되었고 목숨을 건지려고 도망쳤다고 말한다.	fheroes2 ko.po 참고 번역; trailing_space_normalized; 문체/용어 검토 필요; commit 29d0a76ceb26d57e9f134b6d682ac857acecfad4
"You see an old man bringing water towards the stables. Recognizing him as the mystic, you attempt to thank him for his gift with some gold. He refuses, but says to you instead, ""There are riddles guarding the source of the fount's power, and the dragons know the answers. Make your way through their lair, and you shall know victory."""	"마구간 쪽으로 물을 나르는 노인을 본다. 그가 신비술사임을 알아보고 선물에 대한 답례로 금을 주려 한다. 그는 거절하며 대신 말한다. ""샘의 힘의 근원을 지키는 수수께끼들이 있고, 드래곤들이 그 답을 알고 있소. 그들의 소굴을 통과하시오. 그러면 승리의 길을 알게 될 것이오."""	fheroes2 ko.po 참고 번역; exact; 문체/용어 검토 필요; commit 29d0a76ceb26d57e9f134b6d682ac857acecfad4
"You see an old mystic perched on a rock. You walk towards him to see if he has any words for you on your quest, and he says ""First I see you as a great conquerer of the lands of men. Secondly, I see you as a mighty ruler of vast armies, well loved by your troops. Thirdly, I see you as a slayer of legions of dragons, your body bathed in their fire. Lastly, I see you standing on the shores of the fount, unable to cross."" Then the Mystic fades away."	"바위 위에 앉은 늙은 신비술사를 본다. 임무에 관한 말을 들을 수 있을까 다가가자 그가 말한다. ""첫째, 나는 그대가 인간의 땅을 정복한 위대한 정복자로 보인다. 둘째, 거대한 군대를 다스리며 병사들에게 사랑받는 강력한 통치자로 보인다. 셋째, 수많은 드래곤 군단을 쓰러뜨리고 그 불길에 온몸이 휩싸인 모습이 보인다. 마지막으로, 샘의 기슭에 서서 건너지 못하는 그대가 보인다."" 그러고는 신비술사가 사라진다."	fheroes2 ko.po 참고 번역; exact; 문체/용어 검토 필요; commit 29d0a76ceb26d57e9f134b6d682ac857acecfad4
"You send this letter back to the king,""A month has passed and we have not discovered the wizard Joseph. I only hope that we are able to locate him in time to aid us in our struggle."""	"왕에게 이 편지를 보낸다. ""한 달이 지났지만 아직 위저드 조셉을 찾지 못했습니다. 우리 싸움에 도움이 되도록 제때 그를 찾을 수 있기를 바랄 뿐입니다."""	fheroes2 ko.po 참고 번역; exact; 문체/용어 검토 필요; commit 29d0a76ceb26d57e9f134b6d682ac857acecfad4
You're almost there!	거의 다 왔다!	fheroes2 ko.po 참고 번역; exact; 문체/용어 검토 필요; commit 29d0a76ceb26d57e9f134b6d682ac857acecfad4
You're here! Oh, thank you thank you thank you! I'm in the jail east of the castle. Please hurry!	왔군요! 아, 정말 정말 정말 감사합니다! 저는 성 동쪽 감옥에 있어요. 제발 서둘러 주세요!	fheroes2 ko.po 참고 번역; exact; 문체/용어 검토 필요; commit 29d0a76ceb26d57e9f134b6d682ac857acecfad4
You've been warned!	경고는 했다!	fheroes2 ko.po 참고 번역; exact; 문체/용어 검토 필요; commit 29d0a76ceb26d57e9f134b6d682ac857acecfad4
"You've received a message from the guild. ""Thank God you've arrived! We're under seige from two enemies from the north and one from across the sea. Please save us, you're our only hope."""	"길드에서 전갈이 왔다. ""신이시여, 드디어 오셨군요! 북쪽의 적 둘과 바다 건너 적 하나에게 포위당했습니다. 제발 구해 주세요. 당신만이 우리의 희망입니다."""	fheroes2 ko.po 참고 번역; exact; 문체/용어 검토 필요; commit 29d0a76ceb26d57e9f134b6d682ac857acecfad4
Your advance scouts come riding back to you with the following news. They believe they have found signs that Uncle Ivan was in this general area, and that he made his way to the north many months ago. Also they say there is a town nearby and many resources to the east.	선발 정찰병들이 말을 타고 돌아와 보고한다. 이반 삼촌이 이 일대에 있었던 흔적을 찾은 것 같고, 여러 달 전 북쪽으로 이동한 듯하다고 한다. 또한 근처에 마을이 하나 있고 동쪽에는 자원이 많다고 한다.	fheroes2 ko.po 참고 번역; exact; 문체/용어 검토 필요; commit 29d0a76ceb26d57e9f134b6d682ac857acecfad4
Your arrival here was a surprise to those sworn to guard Dragon Isle, and you were able to quickly capture one of their castles.  Use caution, though, for two other guardians remain in this jungle.	당신의 도착은 드래곤 섬을 지키기로 맹세한 자들에게 예상 밖이었고, 덕분에 성 하나를 빠르게 점령했다. 하지만 이 정글에는 아직 수호자 둘이 남아 있으니 조심하라.	fheroes2 ko.po 참고 번역; exact; 문체/용어 검토 필요; commit 29d0a76ceb26d57e9f134b6d682ac857acecfad4
Your rival, the kingdom of Harondale, is attacking your weak border towns! Recover from their first strike and crush them completely.	라이벌 하론데일 왕국이 약한 국경 마을들을 공격하고 있다! 첫 공격에서 회복한 뒤 놈들을 완전히 짓밟아라.	fheroes2 ko.po 참고 번역; exact; 문체/용어 검토 필요; commit 29d0a76ceb26d57e9f134b6d682ac857acecfad4
"Your sister calls you before her altar in the morning. ""I have important news,"" she says, ""The barbarian kingdoms which border this land have agreed to lend us some of their castles and warriors in return for a share of the spoils. I hope victory comes swiftly, but your presence gives me strength to stand until whatever end awaits."""	"아침에 자매가 제단 앞으로 당신을 부른다. ""중요한 소식이 있어."" 그녀가 말한다. ""이 땅과 접한 바바리안 왕국들이 전리품 일부를 나눠 받는 조건으로 성과 전사들을 빌려주기로 했어. 승리가 빨리 오길 바라지만, 네가 곁에 있다는 사실만으로도 어떤 결말이 기다리든 버틸 힘이 생겨."""	fheroes2 ko.po 참고 번역; exact; 문체/용어 검토 필요; commit 29d0a76ceb26d57e9f134b6d682ac857acecfad4
d1	d1	fheroes2 ko.po 참고 번역; exact; 문체/용어 검토 필요; commit 29d0a76ceb26d57e9f134b6d682ac857acecfad4
d2	d2	fheroes2 ko.po 참고 번역; exact; 문체/용어 검토 필요; commit 29d0a76ceb26d57e9f134b6d682ac857acecfad4
d3	d3	fheroes2 ko.po 참고 번역; exact; 문체/용어 검토 필요; commit 29d0a76ceb26d57e9f134b6d682ac857acecfad4
d4	d4	fheroes2 ko.po 참고 번역; exact; 문체/용어 검토 필요; commit 29d0a76ceb26d57e9f134b6d682ac857acecfad4
d5	d5	fheroes2 ko.po 참고 번역; exact; 문체/용어 검토 필요; commit 29d0a76ceb26d57e9f134b6d682ac857acecfad4
d6	d6	fheroes2 ko.po 참고 번역; exact; 문체/용어 검토 필요; commit 29d0a76ceb26d57e9f134b6d682ac857acecfad4
d7	d7	fheroes2 ko.po 참고 번역; exact; 문체/용어 검토 필요; commit 29d0a76ceb26d57e9f134b6d682ac857acecfad4
d8	d8	fheroes2 ko.po 참고 번역; exact; 문체/용어 검토 필요; commit 29d0a76ceb26d57e9f134b6d682ac857acecfad4
green stuff	초록 물자	fheroes2 ko.po 참고 번역; exact; 문체/용어 검토 필요; commit 29d0a76ceb26d57e9f134b6d682ac857acecfad4
red gets basic stuff	빨강에게 기본 물자	fheroes2 ko.po 참고 번역; exact; 문체/용어 검토 필요; commit 29d0a76ceb26d57e9f134b6d682ac857acecfad4
vh1	vh1	fheroes2 ko.po 참고 번역; exact; 문체/용어 검토 필요; commit 29d0a76ceb26d57e9f134b6d682ac857acecfad4
vh2	vh2	fheroes2 ko.po 참고 번역; exact; 문체/용어 검토 필요; commit 29d0a76ceb26d57e9f134b6d682ac857acecfad4
vh3	vh3	fheroes2 ko.po 참고 번역; exact; 문체/용어 검토 필요; commit 29d0a76ceb26d57e9f134b6d682ac857acecfad4
vh4	vh4	fheroes2 ko.po 참고 번역; exact; 문체/용어 검토 필요; commit 29d0a76ceb26d57e9f134b6d682ac857acecfad4
